metric,metric_label,risk_group,method,mean_nmae,sample_sd,mean_coverage,r2mt_relative_reduction_percent,r2mt_paired_reduction_pp,ci95_low_pp,ci95_high_pp,ci95_excludes_zero,bootstrap_probability_positive,rows_per_seed,source_samples,source_groups,n_seeds,bootstrap_replicates,bootstrap_unit
clean,Clean,non-projective,R²MT-Net,0.18732145543411546,0.023001204097309214,1.0,0.0,,,,,,1395,1395,52,3,20000,complete physical instrument group
clean,Clean,non-projective,Direct-ResNet18,0.18672753923992946,0.02207053972207373,1.0,-0.31806566755151594,-0.05939161941860115,-0.14040992704884683,0.023344570979396594,False,0.0787,1395,1395,52,3,20000,complete physical instrument group
clean,Clean,non-projective,EfficientNet-B0,0.12304646084093207,0.02171382600909881,1.0,-52.23636190257815,-6.427499459318339,-10.184760764472731,-2.8293288458172796,True,0.0001,1395,1395,52,3,20000,complete physical instrument group
clean,Clean,non-projective,MobileNetV3-Large,0.14444358056142959,0.027865404693849283,1.0,-29.684860141258124,-4.287787487268587,-7.6188832362821906,-1.2582285484359268,True,0.0019,1395,1395,52,3,20000,complete physical instrument group
blur_moderate,Blur-M,non-projective,R²MT-Net,0.18825851496535081,0.024209341615493377,1.0,0.0,,,,,,1395,1395,52,3,20000,complete physical instrument group
blur_moderate,Blur-M,non-projective,Direct-ResNet18,0.18777677165258755,0.023093564554215355,1.0,-0.2565510678043591,-0.04817433127632707,-0.13296844311272848,0.03523822773378099,False,0.12665,1395,1395,52,3,20000,complete physical instrument group
blur_moderate,Blur-M,non-projective,EfficientNet-B0,0.12259737199571197,0.021825675537989395,1.0,-53.55836091815691,-6.566114296963884,-10.427275093246049,-2.8578842220509673,True,0.0001,1395,1395,52,3,20000,complete physical instrument group
blur_moderate,Blur-M,non-projective,MobileNetV3-Large,0.14325635573210924,0.027747626507519024,1.0,-31.41372611585628,-4.500215923324159,-7.8868641584845385,-1.4427317393997727,True,0.0013,1395,1395,52,3,20000,complete physical instrument group
blur_severe,Blur-S,non-projective,R²MT-Net,0.194752397965398,0.02837302273963209,1.0,0.0,,,,,,1395,1395,52,3,20000,complete physical instrument group
blur_severe,Blur-S,non-projective,Direct-ResNet18,0.19452557878037735,0.02676033869761834,1.0,-0.11660121329171695,-0.022681918502067553,-0.10846524489686342,0.06391793938988906,False,0.29495,1395,1395,52,3,20000,complete physical instrument group
blur_severe,Blur-S,non-projective,EfficientNet-B0,0.12691470162564186,0.022991348943351045,1.0,-53.45140907304486,-6.783769633975613,-10.750274219487089,-2.961837874203821,True,0.00015,1395,1395,52,3,20000,complete physical instrument group
blur_severe,Blur-S,non-projective,MobileNetV3-Large,0.13938477392893941,0.027914145335579166,1.0,-39.72286389378935,-5.536762403645858,-9.131438742525981,-2.1496893365636556,True,5e-05,1395,1395,52,3,20000,complete physical instrument group
perspective_moderate,Persp.-25,projective,R²MT-Net,0.19638720835113863,0.034332280325466855,1.0,0.0,,,,,,1395,1395,52,3,20000,complete physical instrument group
perspective_moderate,Persp.-25,projective,Direct-ResNet18,0.23707096547206666,0.027040881249594053,1.0,17.161003685085035,4.068375712092811,2.6065933976299807,5.483724081014988,True,1.0,1395,1395,52,3,20000,complete physical instrument group
perspective_moderate,Persp.-25,projective,EfficientNet-B0,0.13053814794877905,0.013507832933810218,1.0,-50.44430416478532,-6.584906040235956,-10.619474559171204,-2.798547024463196,True,5e-05,1395,1395,52,3,20000,complete physical instrument group
perspective_moderate,Persp.-25,projective,MobileNetV3-Large,0.17854777576470401,0.03203972777286113,1.0,-9.99140566721144,-1.7839432586434594,-4.988375376013379,1.2389843229011301,False,0.13145,1395,1395,52,3,20000,complete physical instrument group
perspective_severe,Persp.-45,projective,R²MT-Net,0.21245350638147023,0.03508440485302992,1.0,0.0,,,,,,1395,1395,52,3,20000,complete physical instrument group
perspective_severe,Persp.-45,projective,Direct-ResNet18,0.2971252763148135,0.023259773978730188,1.0,28.496993249282127,8.467176993334318,5.400878036564225,11.377012116872946,True,1.0,1395,1395,52,3,20000,complete physical instrument group
perspective_severe,Persp.-45,projective,EfficientNet-B0,0.20397517037999693,0.038195263253580976,1.0,-4.156552969500416,-0.8478336001473299,-4.745767628302307,2.79207278789618,False,0.3396,1395,1395,52,3,20000,complete physical instrument group
perspective_severe,Persp.-45,projective,MobileNetV3-Large,0.2562959125485282,0.027453934655709954,1.0,17.106166747297088,4.38424061670579,0.4246072060535093,8.352592419822157,True,0.9841,1395,1395,52,3,20000,complete physical instrument group
combined_severe,45 + blur,projective,R²MT-Net,0.2377318132407141,0.04446738064690067,1.0,0.0,,,,,,1395,1395,52,3,20000,complete physical instrument group
combined_severe,45 + blur,projective,Direct-ResNet18,0.31140149237914466,0.03168197201843281,1.0,23.65745859969565,7.3669679138430535,4.284802962754873,10.3676438070858,True,1.0,1395,1395,52,3,20000,complete physical instrument group
combined_severe,45 + blur,projective,EfficientNet-B0,0.20822747819732026,0.038397871944259435,1.0,-14.169280298076211,-2.950433504339388,-7.087821873794821,1.0002088868449348,False,0.0724,1395,1395,52,3,20000,complete physical instrument group
combined_severe,45 + blur,projective,MobileNetV3-Large,0.26348774659707935,0.03161219558259022,1.0,9.775002325155848,2.575593335636521,-1.7357663892200008,6.901686787755061,False,0.8762,1395,1395,52,3,20000,complete physical instrument group
all_conditions,All six,aggregate,R²MT-Net,0.2028174827230312,0.03151379066387054,1.0,0.0,,,,,,8370,1395,52,3,20000,complete physical instrument group
all_conditions,All six,aggregate,Direct-ResNet18,0.23577127063981984,0.024504125735627276,1.0,13.97701587108595,3.295378791678864,2.0864406922412604,4.415310597981357,True,1.0,8370,1395,52,3,20000,complete physical instrument group
all_conditions,All six,aggregate,EfficientNet-B0,0.1525498884980637,0.023429783465891748,1.0,-32.95157716592206,-5.026759422496752,-8.827848424573935,-1.5107742495305507,True,0.00175,8370,1395,52,3,20000,complete physical instrument group
all_conditions,All six,aggregate,MobileNetV3-Large,0.18756935752213164,0.028914782625527012,1.0,-8.129326347508773,-1.5248125200899587,-4.845263459736144,1.563335700252566,False,0.17655,8370,1395,52,3,20000,complete physical instrument group
projective_pooled,Projective pool,aggregate,R²MT-Net,0.21552417599110765,0.03791467429112644,1.0,0.0,,,,,,4185,1395,52,3,20000,complete physical instrument group
projective_pooled,Projective pool,aggregate,Direct-ResNet18,0.28186591138867495,0.027175772616640618,1.0,23.536629552229293,6.634173539756729,4.3215403272586155,8.862435412340512,True,1.0,4185,1395,52,3,20000,complete physical instrument group
projective_pooled,Projective pool,aggregate,EfficientNet-B0,0.18091359884203206,0.02921126560412748,1.0,-19.13099809555855,-3.46105771490756,-7.413163564469189,0.2182061248905858,False,0.0338,4185,1395,52,3,20000,complete physical instrument group
projective_pooled,Projective pool,aggregate,MobileNetV3-Large,0.23277714497010382,0.030215121404035376,1.0,7.411796798698607,1.7252968978996177,-2.014872017809266,5.3542497696109415,False,0.8158,4185,1395,52,3,20000,complete physical instrument group
