method,metric,metric_label,mean_nmae,sample_sd,source_type
ReMST base,clean,Clean,0.007828709831072513,0.0003422909883882643,three_seed_evaluation
ReMST base,blur_moderate,Blur-M,0.007847554737761537,0.00034424942510428216,three_seed_evaluation
ReMST base,blur_severe,Blur-S,0.00812773755974581,0.0004093477768952991,three_seed_evaluation
ReMST base,perspective_moderate,Persp.-25,0.011321907157677521,0.00041574205905455024,three_seed_evaluation
ReMST base,perspective_severe,Persp.-45,0.01608322925154256,0.0006340303737853073,three_seed_evaluation
ReMST base,combined_severe,45 + blur,0.018456820030274417,0.0006666574271670422,three_seed_evaluation
ReMST base,all_conditions,All six,0.011610993094679058,0.0004242668906154527,three_seed_evaluation
ReMST base,projective_pooled,Projective pool,0.015287318813164833,0.000568689096885287,three_seed_evaluation
Mean-risk RCMT,clean,Clean,0.007828709831072513,0.0003422909883882643,three_seed_evaluation
Mean-risk RCMT,blur_moderate,Blur-M,0.007847554737761537,0.0003442494251042821,three_seed_evaluation
Mean-risk RCMT,blur_severe,Blur-S,0.00812773755974581,0.000409347776895299,three_seed_evaluation
Mean-risk RCMT,perspective_moderate,Persp.-25,0.010349918283389839,0.00032481676754104923,three_seed_evaluation
Mean-risk RCMT,perspective_severe,Persp.-45,0.013628075067890932,0.000509655868700442,three_seed_evaluation
Mean-risk RCMT,combined_severe,45 + blur,0.015808416547582034,0.0007296994380528664,three_seed_evaluation
Mean-risk RCMT,all_conditions,All six,0.010598402004573779,0.0004228168469266173,three_seed_evaluation
Mean-risk RCMT,projective_pooled,Projective pool,0.013262136632954271,0.0005208306814905426,three_seed_evaluation
Tail-risk specialist,clean,Clean,0.007828709831072513,0.0003422909883882643,three_seed_evaluation
Tail-risk specialist,blur_moderate,Blur-M,0.007847554737761537,0.0003442494251042821,three_seed_evaluation
Tail-risk specialist,blur_severe,Blur-S,0.00812773755974581,0.000409347776895299,three_seed_evaluation
Tail-risk specialist,perspective_moderate,Persp.-25,0.010385637773756914,0.00020587704207981205,three_seed_evaluation
Tail-risk specialist,perspective_severe,Persp.-45,0.013758800810532832,0.00043535437867520463,three_seed_evaluation
Tail-risk specialist,combined_severe,45 + blur,0.01590936967335052,0.000595076116408388,three_seed_evaluation
Tail-risk specialist,all_conditions,All six,0.010642968397703354,0.00037340739694786474,three_seed_evaluation
Tail-risk specialist,projective_pooled,Projective pool,0.013351269419213422,0.0004120157841714178,three_seed_evaluation
Combined-risk specialist,clean,Clean,0.007828709831072513,0.0003422909883882643,three_seed_evaluation
Combined-risk specialist,blur_moderate,Blur-M,0.007847554737761537,0.0003442494251042821,three_seed_evaluation
Combined-risk specialist,blur_severe,Blur-S,0.00812773755974581,0.000409347776895299,three_seed_evaluation
Combined-risk specialist,perspective_moderate,Persp.-25,0.010442339291371982,0.00022694129738496836,three_seed_evaluation
Combined-risk specialist,perspective_severe,Persp.-45,0.013786022997867381,0.0004988861206676246,three_seed_evaluation
Combined-risk specialist,combined_severe,45 + blur,0.01598192283235692,0.0008052962110122917,three_seed_evaluation
Combined-risk specialist,all_conditions,All six,0.010669047875029355,0.00041640149269913794,three_seed_evaluation
Combined-risk specialist,projective_pooled,Projective pool,0.013403428373865427,0.0005060523765822307,three_seed_evaluation
Fixed three-risk prior,clean,Clean,0.007828709831072513,0.00034229098838826384,three_seed_prediction_probe
Fixed three-risk prior,blur_moderate,Blur-M,0.007847554737761539,0.0003442494251042817,three_seed_prediction_probe
Fixed three-risk prior,blur_severe,Blur-S,0.00812773755974581,0.0004093477768952992,three_seed_prediction_probe
Fixed three-risk prior,perspective_moderate,Persp.-25,0.01030044431402403,0.00025678416112653277,three_seed_prediction_probe
Fixed three-risk prior,perspective_severe,Persp.-45,0.013423453303571198,0.0004982884669668961,three_seed_prediction_probe
Fixed three-risk prior,combined_severe,45 + blur,0.015591919903790072,0.0007512523498169808,three_seed_prediction_probe
Fixed three-risk prior,all_conditions,All six,0.01051996994166086,0.0004133627761146655,three_seed_prediction_probe
Fixed three-risk prior,projective_pooled,Projective pool,0.013105272507128432,0.0005009490754125485,three_seed_prediction_probe
Adaptive multi-risk routing,clean,Clean,0.007828709831072513,0.0003422909883882643,three_seed_evaluation
Adaptive multi-risk routing,blur_moderate,Blur-M,0.007847554737761537,0.0003442494251042821,three_seed_evaluation
Adaptive multi-risk routing,blur_severe,Blur-S,0.00812773755974581,0.000409347776895299,three_seed_evaluation
Adaptive multi-risk routing,perspective_moderate,Persp.-25,0.010291235864640426,0.0002224218447459755,three_seed_evaluation
Adaptive multi-risk routing,perspective_severe,Persp.-45,0.013418549621614697,0.0005263469023642155,three_seed_evaluation
Adaptive multi-risk routing,combined_severe,45 + blur,0.015594776180599193,0.0007606164962783837,three_seed_evaluation
Adaptive multi-risk routing,all_conditions,All six,0.010518093965905695,0.0004161242441711435,three_seed_evaluation
Adaptive multi-risk routing,projective_pooled,Projective pool,0.013101520555618104,0.0005025807829690176,three_seed_evaluation
R2MT-Net,clean,Clean,0.007828709831072513,0.0003422909883882643,three_seed_evaluation
R2MT-Net,blur_moderate,Blur-M,0.007847554737761537,0.0003442494251042821,three_seed_evaluation
R2MT-Net,blur_severe,Blur-S,0.00812773755974581,0.000409347776895299,three_seed_evaluation
R2MT-Net,perspective_moderate,Persp.-25,0.010295174689572356,0.00023966352119975283,three_seed_evaluation
R2MT-Net,perspective_severe,Persp.-45,0.013415081318689548,0.0005099626899028582,three_seed_evaluation
R2MT-Net,combined_severe,45 + blur,0.015587018327309661,0.0007570317022235438,three_seed_evaluation
R2MT-Net,all_conditions,All six,0.010516879410691904,0.0004145435257706873,three_seed_evaluation
R2MT-Net,projective_pooled,Projective pool,0.013099091445190522,0.0005014180578064028,three_seed_evaluation
w/o deep representations,clean,Clean,0.007828709831072513,0.0003422909883882643,three_seed_evaluation
w/o deep representations,blur_moderate,Blur-M,0.007847554737761537,0.0003442494251042821,three_seed_evaluation
w/o deep representations,blur_severe,Blur-S,0.00812773755974581,0.000409347776895299,three_seed_evaluation
w/o deep representations,perspective_moderate,Persp.-25,0.010316899417919759,0.00024041113385560656,three_seed_evaluation
w/o deep representations,perspective_severe,Persp.-45,0.013450308143803366,0.0005033878056345369,three_seed_evaluation
w/o deep representations,combined_severe,45 + blur,0.015628743049697625,0.000741872801625264,three_seed_evaluation
w/o deep representations,all_conditions,All six,0.01053332545666677,0.00041174132547656006,three_seed_evaluation
w/o deep representations,projective_pooled,Projective pool,0.013131983537140249,0.000493616884483996,three_seed_evaluation
w/o risk-imitation loss,clean,Clean,0.007828709831072513,0.0003422909883882643,three_seed_evaluation
w/o risk-imitation loss,blur_moderate,Blur-M,0.007847554737761537,0.0003442494251042821,three_seed_evaluation
w/o risk-imitation loss,blur_severe,Blur-S,0.00812773755974581,0.000409347776895299,three_seed_evaluation
w/o risk-imitation loss,perspective_moderate,Persp.-25,0.010311418791284284,0.00020817276305803937,three_seed_evaluation
w/o risk-imitation loss,perspective_severe,Persp.-45,0.013450834909583369,0.0005403047044506004,three_seed_evaluation
w/o risk-imitation loss,combined_severe,45 + blur,0.015633372203868026,0.0007683283372766966,three_seed_evaluation
w/o risk-imitation loss,all_conditions,All six,0.010533271338885923,0.0004164622440073916,three_seed_evaluation
w/o risk-imitation loss,projective_pooled,Projective pool,0.01313187530157856,0.000501784382194743,three_seed_evaluation
posterior probability mixture,clean,Clean,0.007828709831072513,0.0003422909883882643,three_seed_evaluation
posterior probability mixture,blur_moderate,Blur-M,0.007847554737761537,0.0003442494251042821,three_seed_evaluation
posterior probability mixture,blur_severe,Blur-S,0.00812773755974581,0.000409347776895299,three_seed_evaluation
posterior probability mixture,perspective_moderate,Persp.-25,0.010768558527924315,0.0007489937001756847,three_seed_evaluation
posterior probability mixture,perspective_severe,Persp.-45,0.017107755823238396,0.0019233651417578817,three_seed_evaluation
posterior probability mixture,combined_severe,45 + blur,0.019609735483207175,0.0023749253470077554,three_seed_evaluation
posterior probability mixture,all_conditions,All six,0.01188167532715829,0.0009868926001042199,three_seed_evaluation
posterior probability mixture,projective_pooled,Projective pool,0.015828683278123295,0.001650593783240229,three_seed_evaluation
